<?xml version="1.0" encoding="UTF-8" ?>
<!DOCTYPE log4j:configuration>

<log4j:configuration xmlns:log4j="http://jakarta.apache.org/log4j/">

    <appender name="CONSOLE" class="org.apache.log4j.ConsoleAppender">
        <layout class="org.apache.log4j.PatternLayout">
            <param name="ConversionPattern"
                value="%p - %C{1}.%M(%L) | %m%n"/>
        </layout>
    </appender>
    
    <appender name="R" class="org.apache.log4j.RollingFileAppender">
        <param name="File" value="${catalina.home}/logs/agencydemo.log" />
        <param name="MaxFileSize" value="100KB" />
        <param name="MaxBackupIndex" value="3" />
        <param name="Append" value="false" />
        <layout class="org.apache.log4j.PatternLayout">
            <param name="ConversionPattern" value="%-4r [%t] (%F:%L) %-5p %c %x - %m%n" />
        </layout>
    </appender>

    <logger name="org.springframework.web">
        <level value="INFO"/>
        <appender-ref ref="R"/>
    </logger>
    
     <logger name="org.springframework">
        <level value="INFO"/>
        <appender-ref ref="R"/>
    </logger>

    <logger name="org.springframework.orm">
        <level value="INFO"/>
    </logger>
    
    <logger name="com.reuters.agency.g3ids.usecases.itempolling">
        <level value="INFO"/>
        <appender-ref ref="R"/>
    </logger>

    <root>
        <level value="WARN"/>
        <appender-ref ref="CONSOLE"/>
        <!--<appender-ref ref="R"/>-->
    </root>

</log4j:configuration>
